{
    "pools": [
      {
        "rolls": 1,
        "entries": [
          {
            "type": "minecraft:item",
            "name": "minecraft:echo_shard",
            "functions": [
              {
                "function": "minecraft:set_name",
                "name": {
                  "text": "Resonating soul",
                  "color": "dark_purple",
                  "italic": false
                }
              },
              {
                "function": "minecraft:set_lore",
                "lore": [
                  {
                    "text": "Soul Link",
                    "color": "gray",
                    "italic": false
                  },
                  {
                    "text": "Throw it on the enchantment table along with",
                    "color": "dark_gray",
                    "italic": false
                  },
                  {
                    "text": "another item to enchant for soul link.",
                    "color": "dark_gray",
                    "italic": false
                  }
                ],
                "replace": true
              },
              {
                "function": "minecraft:set_nbt",
                "tag": "{Custom: {soul_linker: true, soul_link: true, lvl: 1}, CustomModelData: 1, HideFlags: 1}"
              },
              {
                "function": "minecraft:set_enchantments",
                "enchantments": {
                  "minecraft:infinity": 1
                },
                "add": false
              }
            ]
          }
        ]
      }
    ]
  }
  