{
    "type": "minecraft:fishing",
    "pools": [
      {
        "rolls": 1,
        "bonus_rolls": 0,
        "entries": [
          {
            "type": "minecraft:item",
            "weight": 100,
            "name": "minecraft:name_tag"
          },
          {
            "type": "minecraft:item",
            "weight": 100,
            "name": "minecraft:saddle"
          },
          {
            "type": "minecraft:item",
            "weight": 100,
            "name": "minecraft:bow",
            "functions": [
              {
                "function": "minecraft:set_damage",
                "damage": {
                  "type": "minecraft:uniform",
                  "min": 0,
                  "max": 0.25
                },
                "add": false
              },
              {
                "function": "minecraft:enchant_with_levels",
                "levels": 30,
                "treasure": true
              }
            ]
          },
          {
            "type": "minecraft:item",
            "weight": 100,
            "name": "minecraft:fishing_rod",
            "functions": [
              {
                "function": "minecraft:set_damage",
                "damage": {
                  "type": "minecraft:uniform",
                  "min": 0,
                  "max": 0.25
                },
                "add": false
              },
              {
                "function": "minecraft:enchant_with_levels",
                "levels": 30,
                "treasure": true
              }
            ]
          },
          {
            "type": "minecraft:item",
            "weight": 100,
            "name": "minecraft:book",
            "functions": [
              {
                "function": "minecraft:enchant_with_levels",
                "levels": 30,
                "treasure": true
              }
            ]
          },
          {
            "type": "minecraft:item",
            "weight": 100,
            "name": "minecraft:nautilus_shell"
          },
          {
            "type": "minecraft:loot_table",
            "weight": 5,
            "name": "soul_link:soul_linker",
            "conditions": [
              {
                "condition": "minecraft:value_check",
                "value": {
                  "type": "minecraft:score",
                  "target": {
                    "type": "minecraft:fixed",
                    "name": "from_fishing"
                  },
                  "score": "settings"
                },
                "range": 1
              }
            ]
          }
        ]
      }
    ]
  }
  